family,group,ung_inf,otl_name,trans_route,in_tree,otl_name_red
Oligacanthorhynchidae,Acanthocephala,TRUE,Oligacanthorhynchidae,intermediate host eaten,TRUE,Oligacanthorhynchidae
Echinorhynchidae,Acanthocephala,FALSE,Echinorhynchidae,not ungulate parasites,TRUE,Echinorhynchidae
Apororhynchidae,Acanthocephala,FALSE,Apororhynchidae,not ungulate parasites,TRUE,Apororhynchidae
Giganthorhynchidae,Acanthocephala,FALSE,Giganthorhynchidae,not ungulate parasites,TRUE,Giganthorhynchidae
Moniliformidae,Acanthocephala,FALSE,Moniliformidae,not ungulate parasites,TRUE,Moniliformidae
Quadrigyridae,Acanthocephala,FALSE,Quadrigyridae,not ungulate parasites,TRUE,Quadrigyridae
Dendronucleatidae,Acanthocephala,FALSE,Dendronucleatidae,not ungulate parasites,TRUE,Dendronucleatidae
Neoechinorhynchidae,Acanthocephala,FALSE,Neoechinorhynchidae,not ungulate parasites,TRUE,Neoechinorhynchidae
Tenuisentidae,Acanthocephala,FALSE,Tenuisentidae,not ungulate parasites,TRUE,Tenuisentidae
Arhythmacanthidae,Acanthocephala,FALSE,Arhythmacanthidae,not ungulate parasites,TRUE,Arhythmacanthidae
Cavisomidae,Acanthocephala,FALSE,Cavisomidae,not ungulate parasites,TRUE,Cavisomidae
Diplosentidae,Acanthocephala,FALSE,Diplosentidae,not ungulate parasites,TRUE,Diplosentidae
Fessisentidae,Acanthocephala,FALSE,Fessisentidae,not ungulate parasites,TRUE,Fessisentidae
Gymnorhadinorhynchidae,Acanthocephala,FALSE,Gymnorhadinorhynchidae,not ungulate parasites,TRUE,Gymnorhadinorhynchidae
Heteracanthocephalidae,Acanthocephala,FALSE,Heteracanthocephalidae,not ungulate parasites,TRUE,Heteracanthocephalidae
Illiosentidae,Acanthocephala,FALSE,Illiosentidae,not ungulate parasites,TRUE,Illiosentidae
Isthmosacanthidae,Acanthocephala,FALSE,Isthmosacanthidae,not ungulate parasites,TRUE,Isthmosacanthidae
Pomphorhynchidae,Acanthocephala,FALSE,Pomphorhynchidae,not ungulate parasites,TRUE,Pomphorhynchidae
Rhadinorhynchidae,Acanthocephala,FALSE,Rhadinorhynchidae,not ungulate parasites,TRUE,Rhadinorhynchidae
Sauracanthorhynchidae,Acanthocephala,FALSE,Sauracanthorhynchidae,not ungulate parasites,TRUE,Sauracanthorhynchidae
Transvenidae,Acanthocephala,FALSE,Transvenidae,not ungulate parasites,TRUE,Transvenidae
Pyrirhynchidae,Acanthocephala,FALSE,Pyrirhynchidae,not ungulate parasites,TRUE,Pyrirhynchidae
Centrorhynchidae,Acanthocephala,FALSE,Centrorhynchidae,not ungulate parasites,TRUE,Centrorhynchidae
Plagiorhynchidae,Acanthocephala,FALSE,Plagiorhynchidae,not ungulate parasites,TRUE,Plagiorhynchidae
Polymorphidae,Acanthocephala,FALSE,Polymorphidae,not ungulate parasites,TRUE,Polymorphidae
Polyacanthorhynchidae,Acanthocephala,FALSE,Polyacanthorhynchidae,not ungulate parasites,TRUE,Polyacanthorhynchidae
Capillariidae,Nematoda,TRUE,Capillariidae,eggs ingested,TRUE,Capillariidae
Robertdollfusidae,Nematoda,TRUE,Robertdollfusidae,vector-transmission,TRUE,Robertdollfusidae
Trichinellidae,Nematoda,TRUE,Trichinellidae,intermediate host eaten,TRUE,Trichinellidae
Trichuridae,Nematoda,TRUE,Trichuridae,eggs ingested,TRUE,Trichuridae
Ancylostomatidae,Nematoda,TRUE,Ancylostomatidae,larvae seek/penetrate,TRUE,Ancylostomatidae
Ascarididae,Nematoda,TRUE,Ascarididae,eggs ingested,TRUE,Ascarididae
Toxocaridae,Nematoda,TRUE,Toxocaridae,eggs ingested,TRUE,Toxocaridae
Chabertiidae,Nematoda,TRUE,Chabertiidae,larvae on herbage,TRUE,Chabertiidae
Cooperiidae,Nematoda,TRUE,Cooperiidae,larvae on herbage,TRUE,Cooperiidae
Dictyocaulidae,Nematoda,TRUE,Dictyocaulidae,larvae on herbage,TRUE,Dictyocaulidae
Filariidae,Nematoda,TRUE,Filariidae,vector-transmission,TRUE,Filariidae
Gnathostomatidae,Nematoda,TRUE,Gnathostomatidae,intermediate host eaten,TRUE,Gnathostomatidae
Gongylonematidae,Nematoda,TRUE,Gongylonematidae,intermediate host eaten,TRUE,Gongylonematidae
Habronematidae,Nematoda,TRUE,Habronematidae,vector-transmission,TRUE,Habronematidae
Haemonchidae,Nematoda,TRUE,Haemonchidae,larvae on herbage,TRUE,Haemonchidae
Metastrongylidae,Nematoda,TRUE,Metastrongylidae,intermediate host eaten,TRUE,Metastrongylidae
Molineidae,Nematoda,TRUE,Molineidae,larvae on herbage,TRUE,Molineidae
Onchocercidae,Nematoda,TRUE,Onchocercidae,vector-transmission,TRUE,Onchocercidae
Oxyuridae,Nematoda,TRUE,Oxyuridae,eggs ingested,TRUE,Oxyuridae
Protostrongylidae,Nematoda,TRUE,Protostrongylidae,intermediate host eaten,TRUE,Protostrongylidae
Spirocercidae,Nematoda,TRUE,Spirocercidae,intermediate host eaten,TRUE,Spirocercidae
Strongylidae,Nematoda,TRUE,Strongylidae,larvae on herbage,TRUE,Strongylidae
Strongyloididae,Nematoda,TRUE,Strongyloididae,larvae seek/penetrate,TRUE,Strongyloididae
Syngamidae,Nematoda,TRUE,Syngamidae,intermediate host eaten,TRUE,Syngamidae
Thelaziidae,Nematoda,TRUE,Thelaziidae,vector-transmission,TRUE,Thelaziidae
Trichostrongylidae,Nematoda,TRUE,Trichostrongylidae,larvae on herbage,TRUE,Trichostrongylidae
Aulolaimidae,Nematoda,FALSE,Aulolaimidae,not ungulate parasites,TRUE,Aulolaimidae
Axonolaimidae,Nematoda,FALSE,Axonolaimidae,not ungulate parasites,TRUE,Axonolaimidae
Bastianiidae,Nematoda,FALSE,Bastianiidae,not ungulate parasites,TRUE,Bastianiidae
Haliplectidae,Nematoda,FALSE,Haliplectidae,not ungulate parasites,TRUE,Haliplectidae
Isolaimiidae,Nematoda,FALSE,Isolaimiidae,not ungulate parasites,TRUE,Isolaimiidae
Leptolaimidae,Nematoda,FALSE,Leptolaimidae,not ungulate parasites,TRUE,Leptolaimidae
Plectidae,Nematoda,FALSE,Plectidae,not ungulate parasites,FALSE,Plectidae
Rhabdolaimidae,Nematoda,FALSE,Rhabdolaimidae,not ungulate parasites,TRUE,Rhabdolaimidae
Teratocephalidae,Nematoda,FALSE,Teratocephalidae,not ungulate parasites,TRUE,Teratocephalidae
Tripyloididae,Nematoda,FALSE,Tripyloididae,not ungulate parasites,TRUE,Tripyloididae
Ceramonematidae,Nematoda,FALSE,Ceramonematidae,not ungulate parasites,TRUE,Ceramonematidae
Choniolaimidae,Nematoda,FALSE,Choanolaimidae,not ungulate parasites,TRUE,Choanolaimidae
Chromadoridae,Nematoda,FALSE,Chromadoridae,not ungulate parasites,TRUE,Chromadoridae
Comesomatidae,Nematoda,FALSE,Comesomatidae,not ungulate parasites,TRUE,Comesomatidae
Cyatholaimidae,Nematoda,FALSE,Cyatholaimidae,not ungulate parasites,TRUE,Cyatholaimidae
Desmodoridae,Nematoda,FALSE,Desmodoridae,not ungulate parasites,TRUE,Desmodoridae
Draconematidae,Nematoda,FALSE,Draconematidae,not ungulate parasites,TRUE,Draconematidae
Epsilonematidae,Nematoda,FALSE,Epsilonematidae,not ungulate parasites,TRUE,Epsilonematidae
Microlaimidae,Nematoda,FALSE,Microlaimidae,not ungulate parasites,TRUE,Microlaimidae
Monoposthiidae,Nematoda,FALSE,Monoposthiidae,not ungulate parasites,TRUE,Monoposthiidae
Richtersiidae,Nematoda,FALSE,Richtersiidae,not ungulate parasites,FALSE,Richtersiidae
Selachinematidae,Nematoda,FALSE,Selachinematidae,not ungulate parasites,TRUE,Selachinematidae
Xennellidae,Nematoda,FALSE,Xennellidae,not ungulate parasites,TRUE,Xennellidae
Desmoscolecidae,Nematoda,FALSE,Desmoscolecidae,not ungulate parasites,TRUE,Desmoscolecidae
Actinolaimidae,Nematoda,FALSE,Actinolaimidae,not ungulate parasites,TRUE,Actinolaimidae
Alaimidae,Nematoda,FALSE,Alaimidae,not ungulate parasites,TRUE,Alaimidae
Anatonchidae,Nematoda,FALSE,Anatonchidae,not ungulate parasites,TRUE,Anatonchidae
Aporcelaimidae,Nematoda,FALSE,Aporcelaimidae,not ungulate parasites,TRUE,Aporcelaimidae
Belondiridae,Nematoda,FALSE,Belondiridae,not ungulate parasites,TRUE,Belondiridae
Campgdoridae,Nematoda,FALSE,Campgdoridae_(merged_with_Dorylaimida),not ungulate parasites,FALSE,Campgdoridae
Carcharolaimidae,Nematoda,FALSE,Carcharolaimidae,not ungulate parasites,FALSE,Carcharolaimidae
Cobbonchidae,Nematoda,FALSE,Cobbonchidae,not ungulate parasites,FALSE,Cobbonchidae
Diphterophoridae,Nematoda,FALSE,Diphterophoridae,not ungulate parasites,TRUE,Diphterophoridae
Dorylaimidae,Nematoda,FALSE,Dorylaimidae,not ungulate parasites,TRUE,Dorylaimidae
Falcihastidae,Nematoda,FALSE,Falcihastidae,not ungulate parasites,TRUE,Falcihastidae
Iotonchusidae,Nematoda,FALSE,Iotonchusidae_(merged_with_Dorylaimida),not ungulate parasites,FALSE,Iotonchusidae
Leptonchidae,Nematoda,FALSE,Leptonchidae,not ungulate parasites,TRUE,Leptonchidae
Longidoridae,Nematoda,FALSE,Longidoridae,not ungulate parasites,TRUE,Longidoridae
Mononchidae,Nematoda,FALSE,Mononchidae,not ungulate parasites,TRUE,Mononchidae
Mononchulidae,Nematoda,FALSE,Mononchulidae,not ungulate parasites,TRUE,Mononchulidae
Nygolaimellidae,Nematoda,FALSE,Nygolaimellidae,not ungulate parasites,TRUE,Nygolaimellidae
Nygolaimidae,Nematoda,FALSE,Nygolaimidae,not ungulate parasites,TRUE,Nygolaimidae
Opailaimidae,Nematoda,FALSE,Opailaimidae,not ungulate parasites,TRUE,Opailaimidae
Oxydiridae,Nematoda,FALSE,Oxydiridae_(merged_with_Belondiridae),not ungulate parasites,FALSE,Oxydiridae
Qudsianematidae,Nematoda,FALSE,Qudsianematidae,not ungulate parasites,TRUE,Qudsianematidae
Trachypleurosidae,Nematoda,FALSE,Trachypleurosidae,not ungulate parasites,TRUE,Trachypleurosidae
Tylencholaimellidae,Nematoda,FALSE,Tylencholaimellidae,not ungulate parasites,TRUE,Tylencholaimellidae
Tylencholaimidae,Nematoda,FALSE,Tylencholaimidae,not ungulate parasites,TRUE,Tylencholaimidae
Anoplostomatidae,Nematoda,FALSE,Anoplostomatidae,not ungulate parasites,TRUE,Anoplostomatidae
Anticomidae,Nematoda,FALSE,Anticomidae,not ungulate parasites,TRUE,Anticomidae
Cryptonchidae,Nematoda,FALSE,Cryptonchidae,not ungulate parasites,TRUE,Cryptonchidae
Enchelidiidae,Nematoda,FALSE,Enchelidiidae,not ungulate parasites,TRUE,Enchelidiidae
Enoplidae,Nematoda,FALSE,Enoplidae,not ungulate parasites,TRUE,Enoplidae
Eurystominidae,Nematoda,FALSE,Eurystominidae_(merged_with_Enchelidiidae),not ungulate parasites,FALSE,Eurystominidae
Ironidae,Nematoda,FALSE,Ironidae,not ungulate parasites,TRUE,Ironidae
Lauratonematidae,Nematoda,FALSE,Lauratonematidae,not ungulate parasites,TRUE,Lauratonematidae
Leptosomatidae,Nematoda,FALSE,Leptosomatidae,not ungulate parasites,TRUE,Leptosomatidae
Oncholaimidae,Nematoda,FALSE,Oncholaimidae,not ungulate parasites,TRUE,Oncholaimidae
Onchulidae,Nematoda,FALSE,Onchulidae,not ungulate parasites,FALSE,Onchulidae
Oxystominidae,Nematoda,FALSE,Oxystominidae,not ungulate parasites,TRUE,Oxystominidae
Phanodermatidae,Nematoda,FALSE,Phanodermatidae,not ungulate parasites,TRUE,Phanodermatidae
Prismatolaimidae,Nematoda,FALSE,Prismatolaimidae,not ungulate parasites,TRUE,Prismatolaimidae
Rhabdodemaniidae,Nematoda,FALSE,Rhabdodemaniidae,not ungulate parasites,TRUE,Rhabdodemaniidae
Symplocostomatidae,Nematoda,FALSE,Symplocostomatidae_(inconsistent_in_Enoplida),not ungulate parasites,FALSE,Symplocostomatidae
Thoracostomopsidae,Nematoda,FALSE,Thoracostomopsidae,not ungulate parasites,TRUE,Thoracostomopsidae
Trefusiidae,Nematoda,FALSE,Trefusiidae,not ungulate parasites,TRUE,Trefusiidae
Triodontolaimidae,Nematoda,FALSE,Triodontolaimidae,not ungulate parasites,FALSE,Triodontolaimidae
Tripylidae,Nematoda,FALSE,Tripylidae,not ungulate parasites,TRUE,Tripylidae
Mermithidae,Nematoda,FALSE,Mermithidae,not ungulate parasites,TRUE,Mermithidae
Aponchiidae,Nematoda,FALSE,Aponchiidae,not ungulate parasites,FALSE,Aponchiidae
Linhomoeidae,Nematoda,FALSE,Linhomoeidae,not ungulate parasites,TRUE,Linhomoeidae
Monhysteridae,Nematoda,FALSE,Monhysteridae,not ungulate parasites,TRUE,Monhysteridae
Scaptrellidae,Nematoda,FALSE,Scaptrellidae_(merged_with_Xyalidae),not ungulate parasites,FALSE,Scaptrellidae
Siphonolaimidae,Nematoda,FALSE,Siphonolaimidae,not ungulate parasites,TRUE,Siphonolaimidae
Sphaerolaimidae,Nematoda,FALSE,Sphaerolaimidae,not ungulate parasites,TRUE,Sphaerolaimidae
Xyalidae,Nematoda,FALSE,Xyalidae,not ungulate parasites,TRUE,Xyalidae
Cystoopsidae,Nematoda,FALSE,Cystoopsidae,not ungulate parasites,TRUE,Cystoopsidae
Diphtherophoridae,Nematoda,FALSE,Diphtherophoridae,not ungulate parasites,TRUE,Diphtherophoridae
Trichodoridae,Nematoda,FALSE,Trichodoridae,not ungulate parasites,TRUE,Trichodoridae
Aphelenchidae,Nematoda,FALSE,Aphelenchidae,not ungulate parasites,TRUE,Aphelenchidae
Aphelenchoididae,Nematoda,FALSE,Aphelenchoididae,not ungulate parasites,TRUE,Aphelenchoididae
Paraphelenchidae,Nematoda,FALSE,Paraphelenchidae,not ungulate parasites,FALSE,Paraphelenchidae
Anisakidae,Nematoda,FALSE,Anisakidae,not ungulate parasites,TRUE,Anisakidae
Ascaridiidae,Nematoda,FALSE,Ascaridiidae,not ungulate parasites,TRUE,Ascaridiidae
Cosmocercidae,Nematoda,FALSE,Cosmocercidae,not ungulate parasites,TRUE,Cosmocercidae
Cucullanidae,Nematoda,FALSE,Cucullanidae,not ungulate parasites,TRUE,Cucullanidae
Heterakidae,Nematoda,FALSE,Heterakidae,not ungulate parasites,TRUE,Heterakidae
Maupasinidae,Nematoda,FALSE,Maupasinidae,not ungulate parasites,FALSE,Maupasinidae
Cylindrocorporidae,Nematoda,FALSE,Cylindrocorporidae,not ungulate parasites,TRUE,Cylindrocorporidae
Diplogasteridae,Nematoda,FALSE,Diplogasteridae,not ungulate parasites,TRUE,Diplogasteridae
Diplogasteroididae,Nematoda,FALSE,Diplogasteroididae,not ungulate parasites,TRUE,Diplogasteroididae
Neodiplogasteridae,Nematoda,FALSE,Neodiplogasteridae,not ungulate parasites,TRUE,Neodiplogasteridae
Odontopharyngidae,Nematoda,FALSE,Odontopharyngidae,not ungulate parasites,FALSE,Odontopharyngidae
Pharyngodonidae,Nematoda,FALSE,Pharyngodonidae,not ungulate parasites,TRUE,Pharyngodonidae
Rhigonematidae,Nematoda,FALSE,Rhigonematidae,not ungulate parasites,TRUE,Rhigonematidae
Thelastomatidae,Nematoda,FALSE,Thelastomatidae,not ungulate parasites,TRUE,Thelastomatidae
Agfidae,Nematoda,FALSE,Agfidae,not ungulate parasites,TRUE,Agfidae
Alirhabditidae,Nematoda,FALSE,Alirhabditidae,not ungulate parasites,TRUE,Alirhabditidae
Alloionematidae,Nematoda,FALSE,Alloionematidae,not ungulate parasites,TRUE,Alloionematidae
Brevibuccidae,Nematoda,FALSE,Brevibuccidae,not ungulate parasites,TRUE,Brevibuccidae
Bunonematidae,Nematoda,FALSE,Bunonematidae,not ungulate parasites,TRUE,Bunonematidae
Cephalobidae,Nematoda,FALSE,Cephalobidae,not ungulate parasites,TRUE,Cephalobidae
Elaphonematidae,Nematoda,FALSE,Elaphonematidae,not ungulate parasites,TRUE,Elaphonematidae
Heterohabditidae,Nematoda,FALSE,Heterohabditidae,not ungulate parasites,TRUE,Heterohabditidae
Heterorhabditidae,Nematoda,FALSE,Heterorhabditidae,not ungulate parasites,TRUE,Heterorhabditidae
Odontorhabditidae,Nematoda,FALSE,Odontorhabditidae_(merged_with_Rhabditidae),not ungulate parasites,FALSE,Odontorhabditidae
Panagrolaimidae,Nematoda,FALSE,Panagrolaimidae,not ungulate parasites,TRUE,Panagrolaimidae
Pangrolaimidae,Nematoda,FALSE,Pangrolaimidae_(merged_with_Panagrolaimidae),not ungulate parasites,FALSE,Pangrolaimidae
Pterygorhabditidae,Nematoda,FALSE,Pterygorhabditidae,not ungulate parasites,FALSE,Pterygorhabditidae
Rhabdiasidae,Nematoda,FALSE,Rhabdiasidae,not ungulate parasites,TRUE,Rhabdiasidae
Rhabditidae,Nematoda,FALSE,Rhabditidae,not ungulate parasites,FALSE,Rhabditidae
Robertiidae,Nematoda,FALSE,Robertiidae_(family_in_Protostomia),not ungulate parasites,TRUE,Robertiidae
Steinernematidae,Nematoda,FALSE,Steinernematidae,not ungulate parasites,TRUE,Steinernematidae
Syrphonematidae,Nematoda,FALSE,Syrphonematidae,not ungulate parasites,TRUE,Syrphonematidae
Acuariidae,Nematoda,FALSE,Acuariidae,not ungulate parasites,TRUE,Acuariidae
Anguillicolidae,Nematoda,FALSE,Anguillicolidae,not ungulate parasites,TRUE,Anguillicolidae
Cystidicolidae,Nematoda,FALSE,Cystidicolidae,not ungulate parasites,TRUE,Cystidicolidae
Drilonematidae,Nematoda,FALSE,Drilonematidae,not ungulate parasites,TRUE,Drilonematidae
Physalopteridae,Nematoda,FALSE,Physalopteridae,not ungulate parasites,TRUE,Physalopteridae
Spiruridae,Nematoda,FALSE,Spiruridae,not ungulate parasites,TRUE,Spiruridae
Amidostomatidae,Nematoda,FALSE,Amidostomatidae,not ungulate parasites,TRUE,Amidostomatidae
Angiostrongylidae,Nematoda,FALSE,Angiostrongylidae,not ungulate parasites,TRUE,Angiostrongylidae
Cloacinidae,Nematoda,FALSE,Cloacinidae,not ungulate parasites,TRUE,Cloacinidae
Crenosomatidae,Nematoda,FALSE,Crenosomatidae,not ungulate parasites,TRUE,Crenosomatidae
Filaroididae,Nematoda,FALSE,Filaroididae,not ungulate parasites,TRUE,Filaroididae
Heligosomidae,Nematoda,FALSE,Heligosomidae,not ungulate parasites,FALSE,Heligosomidae
Herpetostrongylidae,Nematoda,FALSE,Herpetostrongylidae,not ungulate parasites,TRUE,Herpetostrongylidae
Ornithostrongylidae,Nematoda,FALSE,Ornithostrongylidae,not ungulate parasites,FALSE,Ornithostrongylidae
Pharyngostrongylidae,Nematoda,FALSE,Pharyngostrongylidae,not ungulate parasites,FALSE,Pharyngostrongylidae
Pseudaliidae,Nematoda,FALSE,Pseudaliidae,not ungulate parasites,TRUE,Pseudaliidae
Skrjabingylidae,Nematoda,FALSE,Skrjabingylidae,not ungulate parasites,FALSE,Skrjabingylidae
Uncinariidae,Nematoda,FALSE,Uncinariidae_(merged_with_Bunostominae),not ungulate parasites,FALSE,Uncinariidae
Allantonematidae,Nematoda,FALSE,Allantonematidae,not ungulate parasites,TRUE,Allantonematidae
Anguinidae,Nematoda,FALSE,Anguinidae,not ungulate parasites,TRUE,Anguinidae
Belonolaimidae,Nematoda,FALSE,Belonolaimidae,not ungulate parasites,TRUE,Belonolaimidae
Criconematidae,Nematoda,FALSE,Criconematidae,not ungulate parasites,TRUE,Criconematidae
Dolichodoridae,Nematoda,FALSE,Dolichodoridae,not ungulate parasites,TRUE,Dolichodoridae
Fergusobiidae,Nematoda,FALSE,Fergusobiidae_(merged_with_Neotylenchidae),not ungulate parasites,FALSE,Fergusobiidae
Heteroderidae,Nematoda,FALSE,Heteroderidae,not ungulate parasites,TRUE,Heteroderidae
Hoplolaimidae,Nematoda,FALSE,Hoplolaimidae,not ungulate parasites,TRUE,Hoplolaimidae
Iotonchiidae,Nematoda,FALSE,Iotonchiidae,not ungulate parasites,TRUE,Iotonchiidae
Neotylenchidae,Nematoda,FALSE,Neotylenchidae,not ungulate parasites,TRUE,Neotylenchidae
Pratylenchidae,Nematoda,FALSE,Pratylenchidae,not ungulate parasites,FALSE,Pratylenchidae
Sphaerulariidae,Nematoda,FALSE,Sphaerulariidae,not ungulate parasites,TRUE,Sphaerulariidae
Tylenchidae,Nematoda,FALSE,Tylenchidae,not ungulate parasites,TRUE,Tylenchidae
Tylenchulidae,Nematoda,FALSE,Tylenchulidae,not ungulate parasites,TRUE,Tylenchulidae
Camallanidae,Nematoda,FALSE,Camallanidae,not ungulate parasites,TRUE,Camallanidae
Philometridae,Nematoda,FALSE,Philometridae,not ungulate parasites,TRUE,Philometridae
Setariidae,Nematoda,FALSE,Setariidae,not ungulate parasites,TRUE,Setariidae
Psilenchidae,Nematoda,FALSE,Psilenchidae,not ungulate parasites,FALSE,Psilenchidae
Tylenchorhynchidae,Nematoda,FALSE,Tylenchorhynchidae,not ungulate parasites,FALSE,Tylenchorhynchidae
Bathyodontidae,Nematoda,FALSE,Bathyodontidae,not ungulate parasites,TRUE,Bathyodontidae
Tetradonematidae,Nematoda,FALSE,Tetradonematidae,not ungulate parasites,TRUE,Tetradonematidae
Muspiceidae,Nematoda,FALSE,Muspiceidae,not ungulate parasites,TRUE,Muspiceidae
Phlyctainophoridae,Nematoda,FALSE,Phlyctainophoridae,not ungulate parasites,FALSE,Phlyctainophoridae
Angiostomatidae,Nematoda,FALSE,Angiostomatidae,not ungulate parasites,TRUE,Angiostomatidae
Chambersiellidae,Nematoda,FALSE,Chambersiellidae,not ungulate parasites,TRUE,Chambersiellidae
Rhabditonematidae,Nematoda,FALSE,Rhabditonematidae,not ungulate parasites,TRUE,Rhabditonematidae
Carabonematidae,Nematoda,FALSE,Carabonematidae,not ungulate parasites,FALSE,Carabonematidae
Pseudogasteroididae,Nematoda,FALSE,Pseudogasteroididae,not ungulate parasites,FALSE,Pseudogasteroididae
Daubayliidae,Nematoda,FALSE,Daubayliidae,not ungulate parasites,TRUE,Daubayliidae
Hedruridae,Nematoda,FALSE,Hedruridae,not ungulate parasites,TRUE,Hedruridae
Tetrameridae,Nematoda,FALSE,Tetrameridae,not ungulate parasites,TRUE,Tetrameridae
Heterocheilidae,Nematoda,FALSE,Heterocheilidae_(family_in_phylum_Nematoda),not ungulate parasites,TRUE,Heterocheilidae
Dioctophymatidae,Nematoda,FALSE,Dioctophymatidae,not ungulate parasites,FALSE,Dioctophymatidae
Atractidae,Nematoda,FALSE,Atractidae,not ungulate parasites,TRUE,Atractidae
Kathlanidae,Nematoda,FALSE,Kathlaniidae,not ungulate parasites,TRUE,Kathlaniidae
Acanthocheilidae,Nematoda,FALSE,Anisakidae,not ungulate parasites,TRUE,Anisakidae
Goeziidae,Nematoda,FALSE,Goeziidae,not ungulate parasites,FALSE,Goeziidae
Crossophoridae,Nematoda,FALSE,Crossophoridae,not ungulate parasites,TRUE,Crossophoridae
Subuluridae,Nematoda,FALSE,Subuluridae,not ungulate parasites,FALSE,Subuluridae
Seuratidae,Nematoda,FALSE,Seuratidae,not ungulate parasites,TRUE,Seuratidae
Schneidernematidae,Nematoda,FALSE,Schneidernematidae,not ungulate parasites,TRUE,Schneidernematidae
Quimperiidae,Nematoda,FALSE,Quimperiidae,not ungulate parasites,TRUE,Quimperiidae
Soboliphymatidae,Nematoda,FALSE,Soboliphymatidae,not ungulate parasites,TRUE,Soboliphymatidae
Diaphanocephalidae,Nematoda,FALSE,Diaphanocephalidae,not ungulate parasites,TRUE,Diaphanocephalidae
Ancylostomidae,Nematoda,FALSE,Ancylostomidae_(merged_with_Chabertiidae),not ungulate parasites,FALSE,Ancylostomidae
Strongyidae,Nematoda,FALSE,Strongyidae,not ungulate parasites,FALSE,Strongyidae
Globocephalidae,Nematoda,FALSE,Globocephalidae,not ungulate parasites,FALSE,Globocephalidae
Strongylacanthidae,Nematoda,FALSE,Strongylacanthidae,not ungulate parasites,FALSE,Strongylacanthidae
Heligosomatidae,Nematoda,FALSE,Heligosomatidae,not ungulate parasites,FALSE,Heligosomatidae
Ollulanidae,Nematoda,FALSE,Ollulanidae,not ungulate parasites,TRUE,Ollulanidae
Myenchildae,Nematoda,FALSE,Myenchildae,not ungulate parasites,FALSE,Myenchildae
Araeolaimidae,Nematoda,FALSE,Araeolaimidae,not ungulate parasites,FALSE,Araeolaimidae
Diplopeltidae,Nematoda,FALSE,Diplopeltidae,not ungulate parasites,TRUE,Diplopeltidae
Camacolaimidae,Nematoda,FALSE,Camacolaimidae,not ungulate parasites,FALSE,Camacolaimidae
Spiriniidae,Nematoda,FALSE,Spiriniidae,not ungulate parasites,FALSE,Spiriniidae
Meyliidae,Nematoda,FALSE,Meyliidae,not ungulate parasites,TRUE,Meyliidae
Greeffiellidae,Nematoda,FALSE,Greeffiellidae,not ungulate parasites,FALSE,Greeffiellidae
Synochidae,Nematoda,FALSE,Synochidae,not ungulate parasites,FALSE,Synochidae
Rhaptothyreidae,Nematoda,FALSE,Rhaptothyreidae,not ungulate parasites,TRUE,Rhaptothyreidae
Soboliphymidae,Nematoda,FALSE,Soboliphymidae,not ungulate parasites,FALSE,Soboliphymidae
Aproctidae,Nematoda,FALSE,Aproctidae,not ungulate parasites,FALSE,Aproctidae
Ungellidae,Nematoda,FALSE,Ungellidae,not ungulate parasites,TRUE,Ungellidae
Scolecophilidae,Nematoda,FALSE,Scolecophilidae,not ungulate parasites,TRUE,Scolecophilidae
Creagrocercidae,Nematoda,FALSE,Creagrocercidae,not ungulate parasites,TRUE,Creagrocercidae
Mesidionematidae,Nematoda,FALSE,Mesidionematidae,not ungulate parasites,TRUE,Mesidionematidae
Homungellidae,Nematoda,FALSE,Homungellidae,not ungulate parasites,TRUE,Homungellidae
Dracunculidae,Nematoda,FALSE,Dracunculidae,not ungulate parasites,TRUE,Dracunculidae
Micropleudidae,Nematoda,FALSE,Micropleudidae,not ungulate parasites,FALSE,Micropleudidae
Polystomatidae,Platyhelminthes,TRUE,Polystomatidae,larvae seek/penetrate,TRUE,Polystomatidae
Hasstilesiidae,Platyhelminthes,TRUE,Hasstilesiidae,intermediate host eaten,TRUE,Hasstilesiidae
Schistosomatidae,Platyhelminthes,TRUE,Schistosomatidae,larvae seek/penetrate,TRUE,Schistosomatidae
Echinostomatidae,Platyhelminthes,TRUE,Echinostomatidae,intermediate host eaten,TRUE,Echinostomatidae
Fasciolidae,Platyhelminthes,TRUE,Fasciolidae,larvae on herbage,TRUE,Fasciolidae
Paramphistomidae,Platyhelminthes,TRUE,Paramphistomidae,larvae on herbage,TRUE,Paramphistomidae
Balanorchiidae,Platyhelminthes,TRUE,Balanorchiidae,larvae on herbage,TRUE,Balanorchiidae
Brumptiidae,Platyhelminthes,TRUE,Brumptidae,larvae on herbage,TRUE,Brumptidae
Choerocotyloididae,Platyhelminthes,TRUE,Choerocotylidae,larvae on herbage,TRUE,Choerocotylidae
Cladorchiidae,Platyhelminthes,TRUE,Cladorchiidae,larvae on herbage,TRUE,Cladorchiidae
Gastrodiscidae,Platyhelminthes,TRUE,Gastrodiscidae,larvae on herbage,TRUE,Gastrodiscidae
Gastrothylacidae,Platyhelminthes,TRUE,Gastrothylacidae,larvae on herbage,TRUE,Gastrothylacidae
Olveriidae,Platyhelminthes,TRUE,Olveriidae,larvae on herbage,TRUE,Olveriidae
Stephanopharyngidae,Platyhelminthes,TRUE,Stephanopharyngidae,larvae on herbage,TRUE,Stephanopharyngidae
Zygocotylidae,Platyhelminthes,TRUE,Zygocotylidae,larvae on herbage,TRUE,Zygocotylidae
Notocotylidae,Platyhelminthes,TRUE,Notocotylidae,larvae on herbage,TRUE,Notocotylidae
Opisthorchiidae,Platyhelminthes,TRUE,Opisthorchiidae,intermediate host eaten,TRUE,Opisthorchiidae
Heterophyidae,Platyhelminthes,TRUE,Heterophyidae,intermediate host eaten,TRUE,Heterophyidae
Dicrocoeliidae,Platyhelminthes,TRUE,Dicrocoeliidae,intermediate host eaten,TRUE,Dicrocoeliidae
Paragonimidae,Platyhelminthes,TRUE,Troglotrematidae,intermediate host eaten,TRUE,Troglotrematidae
Diphyllobothridae,Platyhelminthes,TRUE,Diphyllobothriidae,intermediate host eaten,TRUE,Diphyllobothriidae
Anoplocephalidae,Platyhelminthes,TRUE,Anoplocephalidae,intermediate host eaten,TRUE,Anoplocephalidae
Linstowiidae,Platyhelminthes,TRUE,Linstowiidae,intermediate host eaten,TRUE,Linstowiidae
Thysanosomatinae,Platyhelminthes,TRUE,NA,not ungulate parasites,FALSE,NA
Inermicapsiferinae,Platyhelminthes,TRUE,NA,not ungulate parasites,FALSE,NA
Davaineidae,Platyhelminthes,TRUE,Davaineidae,intermediate host eaten,TRUE,Davaineidae
Taeniidae,Platyhelminthes,TRUE,Taeniidae,eggs ingested,TRUE,Taeniidae
Catenulidae,Platyhelminthes,FALSE,Catenulidae,not ungulate parasites,FALSE,Catenulidae
Chordariidae,Platyhelminthes,FALSE,Chordariidae,not ungulate parasites,FALSE,Chordariidae
Retronectidae,Platyhelminthes,FALSE,Retronectidae,not ungulate parasites,FALSE,Retronectidae
Stenostomidae,Platyhelminthes,FALSE,Stenostomidae,not ungulate parasites,FALSE,Stenostomidae
Tyrrheniellidae,Platyhelminthes,FALSE,Tyrrheniellidae,not ungulate parasites,FALSE,Tyrrheniellidae
Leimacopsidae,Platyhelminthes,FALSE,Leimacopsidae,not ungulate parasites,FALSE,Leimacopsidae
Bothrioplanidae,Platyhelminthes,FALSE,Bothrioplanidae,not ungulate parasites,FALSE,Bothrioplanidae
Aberrapecidae,Platyhelminthes,FALSE,Aberrapecidae,not ungulate parasites,TRUE,Aberrapecidae
Acoleidae,Platyhelminthes,FALSE,Acoleidae,not ungulate parasites,TRUE,Acoleidae
Acrobothriidae,Platyhelminthes,FALSE,Acrobothriidae,not ungulate parasites,TRUE,Acrobothriidae
Amabiliidae,Platyhelminthes,FALSE,Amabiliidae,not ungulate parasites,TRUE,Amabiliidae
Amphilinidae,Platyhelminthes,FALSE,Amphilinidae,not ungulate parasites,TRUE,Amphilinidae
Anthocephaliidae,Platyhelminthes,FALSE,Anthocephaliidae,not ungulate parasites,TRUE,Anthocephaliidae
Balanobothriidae,Platyhelminthes,FALSE,Balanobothriidae,not ungulate parasites,FALSE,Balanobothriidae
Bothriocephalidae,Platyhelminthes,FALSE,Bothriocephalidae,not ungulate parasites,TRUE,Bothriocephalidae
Calliobothriidae,Platyhelminthes,FALSE,Balanobothriidae,not ungulate parasites,FALSE,Balanobothriidae
Capingentidae,Platyhelminthes,FALSE,Capingentidae,not ungulate parasites,TRUE,Capingentidae
Caryophyllaeidae,Platyhelminthes,FALSE,Caryophyllaeidae,not ungulate parasites,TRUE,Caryophyllaeidae
Cathetocephalidae,Platyhelminthes,FALSE,Cathetocephalidae,not ungulate parasites,TRUE,Cathetocephalidae
Cephalobothriidae,Platyhelminthes,FALSE,Cephalobothriidae,not ungulate parasites,TRUE,Cephalobothriidae
Cephalochlamydidae,Platyhelminthes,FALSE,Cephalochlamydidae,not ungulate parasites,TRUE,Cephalochlamydidae
Chimaerocestidae,Platyhelminthes,FALSE,Chimaerocestidae,not ungulate parasites,TRUE,Chimaerocestidae
Dilepididae,Platyhelminthes,FALSE,Dilepididae,not ungulate parasites,TRUE,Dilepididae
Dioecotaeniidae,Platyhelminthes,FALSE,Dioecotaeniidae,not ungulate parasites,TRUE,Dioecotaeniidae
Diphyllobothriidae,Platyhelminthes,FALSE,Diphyllobothriidae,not ungulate parasites,TRUE,Diphyllobothriidae
Disculicepitidae,Platyhelminthes,FALSE,Disculicepitidae,not ungulate parasites,FALSE,Disculicepitidae
Echeneibothriidae,Platyhelminthes,FALSE,Echeneibothriidae,not ungulate parasites,TRUE,Echeneibothriidae
Echinobothriidae,Platyhelminthes,FALSE,Echinobothriidae,not ungulate parasites,TRUE,Echinobothriidae
Echinophallidae,Platyhelminthes,FALSE,Echinophallidae,not ungulate parasites,TRUE,Echinophallidae
Eniochobothriidae,Platyhelminthes,FALSE,Eniochobothriidae,not ungulate parasites,FALSE,Eniochobothriidae
Escherbothriidae,Platyhelminthes,FALSE,Escherbothriidae,not ungulate parasites,TRUE,Escherbothriidae
Gastrolecithidae,Platyhelminthes,FALSE,NA,not ungulate parasites,FALSE,NA
Gryporhynchidae,Platyhelminthes,FALSE,Gryporhynchidae,not ungulate parasites,TRUE,Gryporhynchidae
Gyrocotylidae,Platyhelminthes,FALSE,Gyrocotylidae,not ungulate parasites,TRUE,Gyrocotylidae
Haplobothriidae,Platyhelminthes,FALSE,Haplobothriidae,not ungulate parasites,TRUE,Haplobothriidae
Hymenolepididae,Platyhelminthes,FALSE,Hymenolepididae,not ungulate parasites,TRUE,Hymenolepididae
Lecanicephalidae,Platyhelminthes,FALSE,Lecanicephalidae,not ungulate parasites,TRUE,Lecanicephalidae
Litobothriidae,Platyhelminthes,FALSE,Litobothriidae,not ungulate parasites,TRUE,Litobothriidae
Nippotaeniidae,Platyhelminthes,FALSE,Nippotaeniidae,not ungulate parasites,TRUE,Nippotaeniidae
Onchobothriidae,Platyhelminthes,FALSE,Onchobothriidae,not ungulate parasites,TRUE,Onchobothriidae
Paraberrapecidae,Platyhelminthes,FALSE,Paraberrapecidae,not ungulate parasites,FALSE,Paraberrapecidae
Phyllobothriidae,Platyhelminthes,FALSE,Phyllobothriidae,not ungulate parasites,TRUE,Phyllobothriidae
Polypocephalidae,Platyhelminthes,FALSE,Polypocephalidae,not ungulate parasites,TRUE,Polypocephalidae
Progynotaeniidae,Platyhelminthes,FALSE,Progynotaeniidae,not ungulate parasites,TRUE,Progynotaeniidae
Prosobothriidae,Platyhelminthes,FALSE,Prosobothriidae,not ungulate parasites,TRUE,Prosobothriidae
Proteocephalidae,Platyhelminthes,FALSE,Proteocephalidae,not ungulate parasites,TRUE,Proteocephalidae
Rhinebothriidae,Platyhelminthes,FALSE,Rhinebothriidae,not ungulate parasites,TRUE,Rhinebothriidae
Rhoptrobothriidae,Platyhelminthes,FALSE,NA,not ungulate parasites,FALSE,NA
Schistotaeniidae,Platyhelminthes,FALSE,Schistotaeniidae,not ungulate parasites,TRUE,Schistotaeniidae
Schizochoeridae,Platyhelminthes,FALSE,Schizochoeridae,not ungulate parasites,TRUE,Schizochoeridae
Serendipidae,Platyhelminthes,FALSE,Serendipidae_(family_in_Lophotrochozoa),not ungulate parasites,TRUE,Serendipidae
Shindeobothriiidae,Platyhelminthes,FALSE,Shindeobothriiidae,not ungulate parasites,FALSE,Shindeobothriiidae
Solenophoridae,Platyhelminthes,FALSE,Bolbophoridae,not ungulate parasites,TRUE,Bolbophoridae
Spathebothriidae,Platyhelminthes,FALSE,Spathebothriidae,not ungulate parasites,TRUE,Spathebothriidae
Tetrabothriidae,Platyhelminthes,FALSE,Tetrabothriidae,not ungulate parasites,TRUE,Tetrabothriidae
Tetragonocephalidae,Platyhelminthes,FALSE,Tetragonocephalidae,not ungulate parasites,TRUE,Tetragonocephalidae
Triaenophoridae,Platyhelminthes,FALSE,Triaenophoridae,not ungulate parasites,TRUE,Triaenophoridae
Zanobatocestidae,Platyhelminthes,FALSE,Zanobatocestidae,not ungulate parasites,TRUE,Zanobatocestidae
Dolichomacrostomidae,Platyhelminthes,FALSE,Dolichomacrostomidae,not ungulate parasites,FALSE,Dolichomacrostomidae
Microstomidae,Platyhelminthes,FALSE,Microstomidae,not ungulate parasites,FALSE,Microstomidae
Fecampiidae,Platyhelminthes,FALSE,Fecampiidae,not ungulate parasites,FALSE,Fecampiidae
Notenteridae,Platyhelminthes,FALSE,Notenteridae,not ungulate parasites,FALSE,Notenteridae
Piscinquilinidae,Platyhelminthes,FALSE,NA,not ungulate parasites,FALSE,NA
Urastomidae,Platyhelminthes,FALSE,Urastomidae,not ungulate parasites,FALSE,Urastomidae
Gnosonesimidae,Platyhelminthes,FALSE,Gnosonesimidae,not ungulate parasites,FALSE,Gnosonesimidae
Prorhynchidae,Platyhelminthes,FALSE,Prorhynchidae,not ungulate parasites,FALSE,Prorhynchidae
Acanthocotylidae,Platyhelminthes,FALSE,Acanthocotylidae,not ungulate parasites,TRUE,Acanthocotylidae
Allodiscocotylidae,Platyhelminthes,FALSE,Allodiscocotylidae,not ungulate parasites,TRUE,Allodiscocotylidae
Allopyragraphoridae,Platyhelminthes,FALSE,Allopyragraphoridae,not ungulate parasites,TRUE,Allopyragraphoridae
Amphibdellatidae,Platyhelminthes,FALSE,Amphibdellatidae,not ungulate parasites,TRUE,Amphibdellatidae
Anchorophoridae,Platyhelminthes,FALSE,Anchorophoridae,not ungulate parasites,TRUE,Anchorophoridae
Ancylodiscoididae,Platyhelminthes,FALSE,Ancylodiscoididae,not ungulate parasites,TRUE,Ancylodiscoididae
Ancyrocephalidae,Platyhelminthes,FALSE,Ancyrocephalidae,not ungulate parasites,TRUE,Ancyrocephalidae
Anoplodiscidae,Platyhelminthes,FALSE,Anoplodiscidae,not ungulate parasites,TRUE,Anoplodiscidae
Axinidae,Platyhelminthes,FALSE,Axinidae,not ungulate parasites,TRUE,Axinidae
Bothitrematidae,Platyhelminthes,FALSE,Bothitrematidae,not ungulate parasites,TRUE,Bothitrematidae
Bychowskicotylidae,Platyhelminthes,FALSE,Bychowskicotylidae,not ungulate parasites,TRUE,Bychowskicotylidae
Calceostomatidae,Platyhelminthes,FALSE,Calceostomatidae,not ungulate parasites,TRUE,Calceostomatidae
Capsalidae,Platyhelminthes,FALSE,Capsalidae,not ungulate parasites,TRUE,Capsalidae
Cemocotylidae,Platyhelminthes,FALSE,Heteraxinidae,not ungulate parasites,TRUE,Heteraxinidae
Chauhaneidae,Platyhelminthes,FALSE,Chauhaneidae,not ungulate parasites,TRUE,Chauhaneidae
Chimaericolidae,Platyhelminthes,FALSE,Chimaericolidae,not ungulate parasites,TRUE,Chimaericolidae
Dactylogyridae,Platyhelminthes,FALSE,Dactylogyridae,not ungulate parasites,TRUE,Dactylogyridae
Diclidophoridae,Platyhelminthes,FALSE,Diclidophoridae,not ungulate parasites,TRUE,Diclidophoridae
Diclybothriidae,Platyhelminthes,FALSE,Diclybothriidae,not ungulate parasites,TRUE,Diclybothriidae
Dionchidae,Platyhelminthes,FALSE,Dionchidae,not ungulate parasites,TRUE,Dionchidae
Diplectanidae,Platyhelminthes,FALSE,Diplectanidae,not ungulate parasites,TRUE,Diplectanidae
Diplozoidae,Platyhelminthes,FALSE,Diplozoidae,not ungulate parasites,TRUE,Diplozoidae
Discocotylidae,Platyhelminthes,FALSE,Discocotylidae,not ungulate parasites,TRUE,Discocotylidae
Enoplocotylidae,Platyhelminthes,FALSE,Enoplocotylidae,not ungulate parasites,TRUE,Enoplocotylidae
Fridericianellidae,Platyhelminthes,FALSE,Fridericianellidae,not ungulate parasites,TRUE,Fridericianellidae
Gastrocotylidae,Platyhelminthes,FALSE,Gastrocotylidae,not ungulate parasites,TRUE,Gastrocotylidae
Gotocotylidae,Platyhelminthes,FALSE,Gotocotylidae,not ungulate parasites,TRUE,Gotocotylidae
Gyrodactylidae,Platyhelminthes,FALSE,Gyrodactylidae,not ungulate parasites,TRUE,Gyrodactylidae
Heteraxinidae,Platyhelminthes,FALSE,Heteraxinidae,not ungulate parasites,TRUE,Heteraxinidae
Heteromicrocotylidae,Platyhelminthes,FALSE,Heteromicrocotylidae,not ungulate parasites,TRUE,Heteromicrocotylidae
Hexabothriidae,Platyhelminthes,FALSE,Hexabothriidae,not ungulate parasites,TRUE,Hexabothriidae
Hexostomatidae,Platyhelminthes,FALSE,Hexostomatidae,not ungulate parasites,TRUE,Hexostomatidae
Loimoidae,Platyhelminthes,FALSE,Loimoidae,not ungulate parasites,TRUE,Loimoidae
Macrovalvitrematidae,Platyhelminthes,FALSE,Macrovalvitrematidae,not ungulate parasites,TRUE,Macrovalvitrematidae
Mazocraeidae,Platyhelminthes,FALSE,Mazocraeidae,not ungulate parasites,TRUE,Mazocraeidae
Mazoplectidae,Platyhelminthes,FALSE,Mazoplectidae,not ungulate parasites,TRUE,Mazoplectidae
Megamicrocotylidae,Platyhelminthes,FALSE,Megamicrocotylidae,not ungulate parasites,TRUE,Megamicrocotylidae
Microbothriidae,Platyhelminthes,FALSE,Microbothriidae,not ungulate parasites,TRUE,Microbothriidae
Microcotylidae,Platyhelminthes,FALSE,Microcotylidae,not ungulate parasites,FALSE,Microcotylidae
Monaxinoididae,Platyhelminthes,FALSE,Monaxinoididae,not ungulate parasites,TRUE,Monaxinoididae
Monocotylidae,Platyhelminthes,FALSE,Monocotylidae,not ungulate parasites,TRUE,Monocotylidae
Montchadskyellidae,Platyhelminthes,FALSE,Montchadskyellidae,not ungulate parasites,TRUE,Montchadskyellidae
Neocalceostomatidae,Platyhelminthes,FALSE,Neocalceostomatidae,not ungulate parasites,TRUE,Neocalceostomatidae
Neotetraonchidae,Platyhelminthes,FALSE,Neotetraonchidae,not ungulate parasites,TRUE,Neotetraonchidae
Octolabeidae,Platyhelminthes,FALSE,Octolabeidae,not ungulate parasites,TRUE,Octolabeidae
Octomacridae,Platyhelminthes,FALSE,Octomacridae,not ungulate parasites,TRUE,Octomacridae
Paramonaxinidae,Platyhelminthes,FALSE,Paramonaxinidae,not ungulate parasites,TRUE,Paramonaxinidae
Plectanocotylidae,Platyhelminthes,FALSE,Plectanocotylidae,not ungulate parasites,TRUE,Plectanocotylidae
Protogyrodactylidae,Platyhelminthes,FALSE,Protogyrodactylidae,not ungulate parasites,FALSE,Protogyrodactylidae
Protomicrocotylidae,Platyhelminthes,FALSE,Protomicrocotylidae,not ungulate parasites,TRUE,Protomicrocotylidae
Pseudodactylogyridae,Platyhelminthes,FALSE,Pseudodactylogyridae,not ungulate parasites,TRUE,Pseudodactylogyridae
Pseudodiclidophoridae,Platyhelminthes,FALSE,Pseudodiclidophoridae,not ungulate parasites,TRUE,Pseudodiclidophoridae
Pterinotrematidae,Platyhelminthes,FALSE,Pterinotrematidae,not ungulate parasites,TRUE,Pterinotrematidae
Pyragraphoridae,Platyhelminthes,FALSE,Pyragraphoridae,not ungulate parasites,TRUE,Pyragraphoridae
Rhinecotylidae,Platyhelminthes,FALSE,Rhinecotyle,not ungulate parasites,TRUE,Rhinecotyle
Tetraonchidae,Platyhelminthes,FALSE,Tetraonchidae,not ungulate parasites,TRUE,Tetraonchidae
Tetraonchoididae,Platyhelminthes,FALSE,Tetraonchoididae,not ungulate parasites,TRUE,Tetraonchoididae
Thoracocotylidae,Platyhelminthes,FALSE,Neothoracocotylidae,not ungulate parasites,TRUE,Neothoracocotylidae
Udonellidae,Platyhelminthes,FALSE,Udonellidae,not ungulate parasites,TRUE,Udonellidae
Urogyridae,Platyhelminthes,FALSE,NA,not ungulate parasites,FALSE,NA
Genostomatidae,Platyhelminthes,FALSE,Genostomatidae,not ungulate parasites,FALSE,Genostomatidae
Haplopharyngidae,Platyhelminthes,FALSE,Haplopharyngidae,not ungulate parasites,FALSE,Haplopharyngidae
Macrostomidae,Platyhelminthes,FALSE,Macrostomidae,not ungulate parasites,FALSE,Macrostomidae
Anocellidae,Platyhelminthes,FALSE,Anocellidae,not ungulate parasites,FALSE,Anocellidae
Apidioplanidae,Platyhelminthes,FALSE,Apidioplanidae,not ungulate parasites,FALSE,Apidioplanidae
Dicteroidae,Platyhelminthes,FALSE,Dicteroidae,not ungulate parasites,FALSE,Dicteroidae
Didangiidae,Platyhelminthes,FALSE,Didangiidae,not ungulate parasites,FALSE,Didangiidae
Diposthidae,Platyhelminthes,FALSE,Diposthidae,not ungulate parasites,FALSE,Diposthidae
Enantiidae,Platyhelminthes,FALSE,Enantiidae,not ungulate parasites,FALSE,Enantiidae
Euplanidae,Platyhelminthes,FALSE,Euplanidae,not ungulate parasites,FALSE,Euplanidae
Latocestidae,Platyhelminthes,FALSE,Latocestidae,not ungulate parasites,FALSE,Latocestidae
Limnostylochidae,Platyhelminthes,FALSE,Limnostylochidae,not ungulate parasites,FALSE,Limnostylochidae
Stylochocestidae,Platyhelminthes,FALSE,Stylochocestidae,not ungulate parasites,FALSE,Stylochocestidae
Multipeniatidae,Platyhelminthes,FALSE,Multipeniatidae,not ungulate parasites,FALSE,Multipeniatidae
Plagiostomidae,Platyhelminthes,FALSE,Plagiostomidae,not ungulate parasites,FALSE,Plagiostomidae
Protomonotresidae,Platyhelminthes,FALSE,Protomonotresidae,not ungulate parasites,FALSE,Protomonotresidae
Pseudostomidae,Platyhelminthes,FALSE,Pseudostomidae,not ungulate parasites,FALSE,Pseudostomidae
Scleraulophoridae,Platyhelminthes,FALSE,Scleraulophoridae,not ungulate parasites,FALSE,Scleraulophoridae
Archimonocelidae,Platyhelminthes,FALSE,Archimonocelidae,not ungulate parasites,FALSE,Archimonocelidae
Calviriidae,Platyhelminthes,FALSE,Calviriidae,not ungulate parasites,FALSE,Calviriidae
Ciliopharyngiellidae,Platyhelminthes,FALSE,Ciliopharyngiellidae,not ungulate parasites,FALSE,Ciliopharyngiellidae
Coelogynoporidae,Platyhelminthes,FALSE,Coelogynoporidae,not ungulate parasites,FALSE,Coelogynoporidae
Meidiamidae,Platyhelminthes,FALSE,Meidiamidae,not ungulate parasites,FALSE,Meidiamidae
Monocelididae,Platyhelminthes,FALSE,Monocelididae,not ungulate parasites,FALSE,Monocelididae
Monotoplanidae,Platyhelminthes,FALSE,Monotoplanidae,not ungulate parasites,FALSE,Monotoplanidae
Nematoplanidae,Platyhelminthes,FALSE,Nematoplanidae,not ungulate parasites,FALSE,Nematoplanidae
Otomesostomatidae,Platyhelminthes,FALSE,Otomesostomatidae,not ungulate parasites,FALSE,Otomesostomatidae
Otoplanidae,Platyhelminthes,FALSE,Otoplanidae,not ungulate parasites,FALSE,Otoplanidae
Polystyliphoridae,Platyhelminthes,FALSE,Polystyliphoridae,not ungulate parasites,FALSE,Polystyliphoridae
Acholadidae,Platyhelminthes,FALSE,Acholadidae,not ungulate parasites,FALSE,Acholadidae
Aculeorhynchidae,Platyhelminthes,FALSE,Aculeorhynchidae,not ungulate parasites,FALSE,Aculeorhynchidae
Bertiliellidae,Platyhelminthes,FALSE,Bertiliellidae,not ungulate parasites,FALSE,Bertiliellidae
Byrsophlebidae,Platyhelminthes,FALSE,Byrsophlebidae,not ungulate parasites,FALSE,Byrsophlebidae
Cheliplanidae,Platyhelminthes,FALSE,Cheliplanidae,not ungulate parasites,FALSE,Cheliplanidae
Cicerinidae,Platyhelminthes,FALSE,Cicerinidae,not ungulate parasites,FALSE,Cicerinidae
Crassicollidae,Platyhelminthes,FALSE,Crassicollidae,not ungulate parasites,FALSE,Crassicollidae
Cystiplanidae,Platyhelminthes,FALSE,Cystiplanidae,not ungulate parasites,FALSE,Cystiplanidae
Cytocystididae,Platyhelminthes,FALSE,Cytocystididae,not ungulate parasites,FALSE,Cytocystididae
Dalyelliidae,Platyhelminthes,FALSE,Dalyelliidae,not ungulate parasites,FALSE,Dalyelliidae
Diascorhynchidae,Platyhelminthes,FALSE,Diascorhynchidae,not ungulate parasites,FALSE,Diascorhynchidae
Gnathorhynchidae,Platyhelminthes,FALSE,Gnathorhynchidae,not ungulate parasites,FALSE,Gnathorhynchidae
Graffillidae,Platyhelminthes,FALSE,Graffillidae,not ungulate parasites,FALSE,Graffillidae
Hypoblepharinidae,Platyhelminthes,FALSE,Hypoblepharinidae,not ungulate parasites,FALSE,Hypoblepharinidae
Karkinorhynchidae,Platyhelminthes,FALSE,Karkinorhynchidae,not ungulate parasites,FALSE,Karkinorhynchidae
Koinocystididae,Platyhelminthes,FALSE,Koinocystididae,not ungulate parasites,FALSE,Koinocystididae
Kytorhynchidae,Platyhelminthes,FALSE,Kytorhynchidae,not ungulate parasites,FALSE,Kytorhynchidae
Luridae,Platyhelminthes,FALSE,Luridae,not ungulate parasites,FALSE,Luridae
Nannorhynchididae,Platyhelminthes,FALSE,Nannorhynchididae,not ungulate parasites,FALSE,Nannorhynchididae
Nematorhynchidae,Platyhelminthes,FALSE,Nematorhynchidae,not ungulate parasites,FALSE,Nematorhynchidae
Placorhynchidae,Platyhelminthes,FALSE,Placorhynchidae,not ungulate parasites,FALSE,Placorhynchidae
Polycystididae,Platyhelminthes,FALSE,Polycystididae,not ungulate parasites,FALSE,Polycystididae
Promesostomidae,Platyhelminthes,FALSE,Promesostomidae,not ungulate parasites,FALSE,Promesostomidae
Provorticidae,Platyhelminthes,FALSE,Provorticidae,not ungulate parasites,FALSE,Provorticidae
Psammorhynchidae,Platyhelminthes,FALSE,Psammorhynchidae,not ungulate parasites,FALSE,Psammorhynchidae
Pterastericolidae,Platyhelminthes,FALSE,Pterastericolidae,not ungulate parasites,FALSE,Pterastericolidae
Rhynchokarlingiidae,Platyhelminthes,FALSE,Rhynchokarlingiidae,not ungulate parasites,FALSE,Rhynchokarlingiidae
Schizorhynchidae,Platyhelminthes,FALSE,Schizorhynchidae,not ungulate parasites,FALSE,Schizorhynchidae
Solenopharyngidae,Platyhelminthes,FALSE,Solenopharyngidae,not ungulate parasites,FALSE,Solenopharyngidae
Trigonostomidae,Platyhelminthes,FALSE,Trigonostomidae,not ungulate parasites,FALSE,Trigonostomidae
Typhloplanidae,Platyhelminthes,FALSE,Typhloplanidae,not ungulate parasites,FALSE,Typhloplanidae
Umagillidae,Platyhelminthes,FALSE,Umagillidae,not ungulate parasites,FALSE,Umagillidae
Stichocotylidae,Platyhelminthes,FALSE,Stichocotylidae,not ungulate parasites,TRUE,Stichocotylidae
Dimarcusidae,Platyhelminthes,FALSE,Dimarcusidae,not ungulate parasites,FALSE,Dimarcusidae
Rhynchodemidae,Platyhelminthes,FALSE,Rhynchodemidae,not ungulate parasites,FALSE,Rhynchodemidae
Eutetrarhynchidae,Platyhelminthes,FALSE,Eutetrarhynchidae,not ungulate parasites,TRUE,Eutetrarhynchidae
Mixodigmatidae,Platyhelminthes,FALSE,Mixodigmatidae,not ungulate parasites,TRUE,Mixodigmatidae
Progrillotiidae,Platyhelminthes,FALSE,Progrillotiidae,not ungulate parasites,TRUE,Progrillotiidae
Rhinoptericolidae,Platyhelminthes,FALSE,Rhinoptericolidae,not ungulate parasites,TRUE,Rhinoptericolidae
Aporhynchidae,Platyhelminthes,FALSE,Aporhynchidae,not ungulate parasites,TRUE,Aporhynchidae
Gilquiniidae,Platyhelminthes,FALSE,Gilquiniidae,not ungulate parasites,TRUE,Gilquiniidae
Gymnorhynchidae,Platyhelminthes,FALSE,Gymnorhynchidae,not ungulate parasites,TRUE,Gymnorhynchidae
Rhopalothylacidae,Platyhelminthes,FALSE,Rhopalothylacidae,not ungulate parasites,TRUE,Rhopalothylacidae
Lacistorhynchidae,Platyhelminthes,FALSE,Lacistorhynchidae,not ungulate parasites,TRUE,Lacistorhynchidae
Pterobothriidae,Platyhelminthes,FALSE,Pterobothriidae,not ungulate parasites,TRUE,Pterobothriidae
Otobothriidae,Platyhelminthes,FALSE,Otobothriidae,not ungulate parasites,TRUE,Otobothriidae
Paranybeliniidae,Platyhelminthes,FALSE,Paranybeliniidae,not ungulate parasites,TRUE,Paranybeliniidae
Pseudotobothriidae,Platyhelminthes,FALSE,Pseudotobothriidae,not ungulate parasites,TRUE,Pseudotobothriidae
Sphyriocephalidae,Platyhelminthes,FALSE,Sphyriocephalidae,not ungulate parasites,TRUE,Sphyriocephalidae
Tentaculariidae,Platyhelminthes,FALSE,Tentaculariidae,not ungulate parasites,TRUE,Tentaculariidae
Cestoplanidae,Platyhelminthes,FALSE,Cestoplanidae,not ungulate parasites,FALSE,Cestoplanidae
Amyellidae,Platyhelminthes,FALSE,Amyellidae,not ungulate parasites,FALSE,Amyellidae
Boniniidae,Platyhelminthes,FALSE,Boniniidae,not ungulate parasites,FALSE,Boniniidae
Chromoplanidae,Platyhelminthes,FALSE,Chromoplanidae,not ungulate parasites,FALSE,Chromoplanidae
Theamatidae,Platyhelminthes,FALSE,Theamatidae,not ungulate parasites,FALSE,Theamatidae
Cryptocelidae,Platyhelminthes,FALSE,Cryptocelidae,not ungulate parasites,FALSE,Cryptocelidae
Discocelididae,Platyhelminthes,FALSE,Discocelidae,not ungulate parasites,FALSE,Discocelidae
Plehniidae,Platyhelminthes,FALSE,Plehniidae,not ungulate parasites,FALSE,Plehniidae
Polyposthiidae,Platyhelminthes,FALSE,Polyposthiidae,not ungulate parasites,FALSE,Polyposthiidae
Ditremageniidae,Platyhelminthes,FALSE,Ditremageniidae,not ungulate parasites,FALSE,Ditremageniidae
Euryleptidae,Platyhelminthes,FALSE,Euryleptidae,not ungulate parasites,FALSE,Euryleptidae
Discocelidae,Platyhelminthes,FALSE,Discocelidae,not ungulate parasites,FALSE,Discocelidae
Candimboididae,Platyhelminthes,FALSE,Candimboididae,not ungulate parasites,FALSE,Candimboididae
Faubelidae,Platyhelminthes,FALSE,NA,not ungulate parasites,FALSE,NA
Gnesiocerotidae,Platyhelminthes,FALSE,Gnesiocerotidae,not ungulate parasites,FALSE,Gnesiocerotidae
Ilyplanidae,Platyhelminthes,FALSE,Ilyplanidae,not ungulate parasites,FALSE,Ilyplanidae
Leptoplanidae,Platyhelminthes,FALSE,Leptoplanidae,not ungulate parasites,FALSE,Leptoplanidae
Mucroplanidae,Platyhelminthes,FALSE,Mucroplanidae,not ungulate parasites,FALSE,Mucroplanidae
Notoplanidae,Platyhelminthes,FALSE,Notoplanidae,not ungulate parasites,FALSE,Notoplanidae
Palauidae,Platyhelminthes,FALSE,Palauidae,not ungulate parasites,FALSE,Palauidae
Pleioplanidae,Platyhelminthes,FALSE,Pleioplanidae,not ungulate parasites,FALSE,Pleioplanidae
Stylochoplanidae,Platyhelminthes,FALSE,Stylochoplanidae,not ungulate parasites,FALSE,Stylochoplanidae
Opisthogeniidae,Platyhelminthes,FALSE,Opisthogeniidae,not ungulate parasites,FALSE,Opisthogeniidae
Pericelidae,Platyhelminthes,FALSE,Pericelidae,not ungulate parasites,FALSE,Pericelidae
Prosthiostomidae,Platyhelminthes,FALSE,Prosthiostomidae,not ungulate parasites,FALSE,Prosthiostomidae
Anonymidae,Platyhelminthes,FALSE,Anonymidae,not ungulate parasites,FALSE,Anonymidae
Euryleptididae,Platyhelminthes,FALSE,Euryleptididae,not ungulate parasites,FALSE,Euryleptididae
Laidlawiidae,Platyhelminthes,FALSE,Laidlawiidae,not ungulate parasites,FALSE,Laidlawiidae
Pseudocerotidae,Platyhelminthes,FALSE,Pseudocerotidae,not ungulate parasites,FALSE,Pseudocerotidae
Stylochoididae,Platyhelminthes,FALSE,Stylochoididae,not ungulate parasites,FALSE,Stylochoididae
Callioplanidae,Platyhelminthes,FALSE,Callioplanidae,not ungulate parasites,FALSE,Callioplanidae
Discoprosthididae,Platyhelminthes,FALSE,Discoprosthididae,not ungulate parasites,FALSE,Discoprosthididae
Planoceridae,Platyhelminthes,FALSE,Planoceridae,not ungulate parasites,FALSE,Planoceridae
Pseudostylochidae,Platyhelminthes,FALSE,Pseudostylochidae,not ungulate parasites,FALSE,Pseudostylochidae
Stylochidae,Platyhelminthes,FALSE,Stylochidae,not ungulate parasites,FALSE,Stylochidae
Scutariellidae,Platyhelminthes,FALSE,Scutariellidae,not ungulate parasites,FALSE,Scutariellidae
Actinodactylellidae,Platyhelminthes,FALSE,Actinodactylellidae,not ungulate parasites,FALSE,Actinodactylellidae
Diceratocephalidae,Platyhelminthes,FALSE,Diceratocephalidae_(family_in_Lophotrochozoa),not ungulate parasites,FALSE,Diceratocephalidae
Temnocephalidae,Platyhelminthes,FALSE,Temnocephalidae,not ungulate parasites,FALSE,Temnocephalidae
Acanthocolpidae,Platyhelminthes,FALSE,Acanthocolpidae,not ungulate parasites,TRUE,Acanthocolpidae
Allocreadiidae,Platyhelminthes,FALSE,Allocreadiidae,not ungulate parasites,TRUE,Allocreadiidae
Brachycladiidae,Platyhelminthes,FALSE,Brachycladiidae,not ungulate parasites,TRUE,Brachycladiidae
Opecoelidae,Platyhelminthes,FALSE,Opecoelidae,not ungulate parasites,TRUE,Opecoelidae
Apocreadiidae,Platyhelminthes,FALSE,Apocreadiidae,not ungulate parasites,TRUE,Apocreadiidae
Aspidogastridae,Platyhelminthes,FALSE,Aspidogastridae,not ungulate parasites,TRUE,Aspidogastridae
Multicalycidae,Platyhelminthes,FALSE,Multicalycidae,not ungulate parasites,TRUE,Multicalycidae
Rugogastridae,Platyhelminthes,FALSE,Rugogastridae,not ungulate parasites,TRUE,Rugogastridae
Azygiidae,Platyhelminthes,FALSE,Azygiidae,not ungulate parasites,TRUE,Azygiidae
Bivesiculidae,Platyhelminthes,FALSE,Bivesiculidae,not ungulate parasites,TRUE,Bivesiculidae
Brachylaimidae,Platyhelminthes,FALSE,Brachylaimidae,not ungulate parasites,TRUE,Brachylaimidae
Leucochloridiidae,Platyhelminthes,FALSE,Leucochloridiidae,not ungulate parasites,TRUE,Leucochloridiidae
Bucephalidae,Platyhelminthes,FALSE,Bucephalidae,not ungulate parasites,TRUE,Bucephalidae
Brauninidae,Platyhelminthes,FALSE,Brauninidae,not ungulate parasites,TRUE,Brauninidae
Cyathocotylidae,Platyhelminthes,FALSE,Cyathocotylidae,not ungulate parasites,TRUE,Cyathocotylidae
Diplostomidae,Platyhelminthes,FALSE,Diplostomatidae,not ungulate parasites,TRUE,Diplostomatidae
Proterodiplostomidae,Platyhelminthes,FALSE,Proterodiplostomidae,not ungulate parasites,FALSE,Proterodiplostomidae
Strigeidae,Platyhelminthes,FALSE,Strigeidae,not ungulate parasites,TRUE,Strigeidae
Calycodidae,Platyhelminthes,FALSE,Calycodidae,not ungulate parasites,TRUE,Calycodidae
Cyclocoelidae,Platyhelminthes,FALSE,Cyclocoelidae,not ungulate parasites,TRUE,Cyclocoelidae
Echinochasmidae,Platyhelminthes,FALSE,Echinochasmidae,not ungulate parasites,TRUE,Echinochasmidae
Eucotylidae,Platyhelminthes,FALSE,Eucotylidae,not ungulate parasites,TRUE,Eucotylidae
Himasthlidae,Platyhelminthes,FALSE,Himasthlidae,not ungulate parasites,TRUE,Himasthlidae
Philophthalmidae,Platyhelminthes,FALSE,Philophthalmidae,not ungulate parasites,TRUE,Philophthalmidae
Psilostomidae,Platyhelminthes,FALSE,Psilostomidae,not ungulate parasites,TRUE,Psilostomidae
Rhytidodidae,Platyhelminthes,FALSE,Rhytidodidae,not ungulate parasites,TRUE,Rhytidodidae
Typhlocoelidae,Platyhelminthes,FALSE,Cyclocoelidae,not ungulate parasites,TRUE,Cyclocoelidae
Callodistomidae,Platyhelminthes,FALSE,Callodistomidae,not ungulate parasites,TRUE,Callodistomidae
Gorgoderidae,Platyhelminthes,FALSE,Gorgoderidae,not ungulate parasites,TRUE,Gorgoderidae
Botulisaccidae,Platyhelminthes,FALSE,Botulisaccidae,not ungulate parasites,TRUE,Botulisaccidae
Fellodistomidae,Platyhelminthes,FALSE,Fellodistomidae,not ungulate parasites,TRUE,Fellodistomidae
Gymnophallidae,Platyhelminthes,FALSE,Gymnophallidae,not ungulate parasites,TRUE,Gymnophallidae
Tandanicolidae,Platyhelminthes,FALSE,Tandanicolidae,not ungulate parasites,TRUE,Tandanicolidae
Atractotrematidae,Platyhelminthes,FALSE,Atractotrematidae,not ungulate parasites,TRUE,Atractotrematidae
Haploporidae,Platyhelminthes,FALSE,Haploporidae,not ungulate parasites,TRUE,Haploporidae
Haplosplanchnidae,Platyhelminthes,FALSE,Haplosplanchnidae,not ungulate parasites,TRUE,Haplosplanchnidae
Accacoeliidae,Platyhelminthes,FALSE,Accacoeliidae,not ungulate parasites,TRUE,Accacoeliidae
Bathycotylidae,Platyhelminthes,FALSE,Bathycotylidae,not ungulate parasites,FALSE,Bathycotylidae
Derogenidae,Platyhelminthes,FALSE,Derogenidae,not ungulate parasites,TRUE,Derogenidae
Dictysarcidae,Platyhelminthes,FALSE,Dictysarcidae,not ungulate parasites,TRUE,Dictysarcidae
Didymozoidae,Platyhelminthes,FALSE,Didymozoidae,not ungulate parasites,TRUE,Didymozoidae
Gonocercidae,Platyhelminthes,FALSE,Gonocercinae,not ungulate parasites,FALSE,Gonocercinae
Hemiuridae,Platyhelminthes,FALSE,Hemiuridae,not ungulate parasites,TRUE,Hemiuridae
Hirudinellidae,Platyhelminthes,FALSE,Hirudinellidae,not ungulate parasites,TRUE,Hirudinellidae
Isoparorchiidae,Platyhelminthes,FALSE,Isoparorchiidae,not ungulate parasites,TRUE,Isoparorchiidae
Lecithasteridae,Platyhelminthes,FALSE,Lecithasteridae,not ungulate parasites,TRUE,Lecithasteridae
Ptychogonimidae,Platyhelminthes,FALSE,Ptychogonimidae,not ungulate parasites,TRUE,Ptychogonimidae
Sclerodistomidae,Platyhelminthes,FALSE,Sclerodistomidae,not ungulate parasites,TRUE,Sclerodistomidae
Sclerodistomoididae,Platyhelminthes,FALSE,Sclerodistomoididae,not ungulate parasites,TRUE,Sclerodistomoididae
Syncoeliidae,Platyhelminthes,FALSE,Syncoeliidae,not ungulate parasites,TRUE,Syncoeliidae
Aephnidiogenidae,Platyhelminthes,FALSE,Aephnidiogenidae,not ungulate parasites,TRUE,Aephnidiogenidae
Deropristidae,Platyhelminthes,FALSE,Deropristidae,not ungulate parasites,TRUE,Deropristidae
Enenteridae,Platyhelminthes,FALSE,Enenteridae,not ungulate parasites,TRUE,Enenteridae
Gibsonivermidae,Platyhelminthes,FALSE,Gibsonivermis,not ungulate parasites,FALSE,Gibsonivermis
Gorgocephalidae,Platyhelminthes,FALSE,Gorgocephalidae,not ungulate parasites,TRUE,Gorgocephalidae
Gyliauchenidae,Platyhelminthes,FALSE,Gyliauchenidae,not ungulate parasites,TRUE,Gyliauchenidae
Lepidapedidae,Platyhelminthes,FALSE,Lepidapedidae,not ungulate parasites,TRUE,Lepidapedidae
Lepocreadiidae,Platyhelminthes,FALSE,Lepocreadiidae,not ungulate parasites,TRUE,Lepocreadiidae
Liliatrematidae,Platyhelminthes,FALSE,Liliatrematidae,not ungulate parasites,TRUE,Liliatrematidae
Diplangidae,Platyhelminthes,FALSE,Diplangidae,not ungulate parasites,TRUE,Diplangidae
Exotidendriidae,Platyhelminthes,FALSE,Exotidendriidae,not ungulate parasites,TRUE,Exotidendriidae
Faustulidae,Platyhelminthes,FALSE,Faustulidae,not ungulate parasites,TRUE,Faustulidae
Microphallidae,Platyhelminthes,FALSE,Microphallidae,not ungulate parasites,TRUE,Microphallidae
Pachypsolidae,Platyhelminthes,FALSE,Pachypsolidae,not ungulate parasites,TRUE,Pachypsolidae
Prosthogonimidae,Platyhelminthes,FALSE,Prosthogonimidae,not ungulate parasites,TRUE,Prosthogonimidae
Renicolidae,Platyhelminthes,FALSE,Renicolidae,not ungulate parasites,TRUE,Renicolidae
Zoogonidae,Platyhelminthes,FALSE,Zoogonidae,not ungulate parasites,TRUE,Zoogonidae
Lissorchiidae,Platyhelminthes,FALSE,Lissorchiidae,not ungulate parasites,TRUE,Lissorchiidae
Monorchiidae,Platyhelminthes,FALSE,Monorchiidae,not ungulate parasites,TRUE,Monorchiidae
Cryptogonimidae,Platyhelminthes,FALSE,Cryptogonimidae,not ungulate parasites,TRUE,Cryptogonimidae
Mesometridae,Platyhelminthes,FALSE,Mesometridae,not ungulate parasites,TRUE,Mesometridae
Microscaphidiidae,Platyhelminthes,FALSE,Angiodictyidae,not ungulate parasites,TRUE,Angiodictyidae
Brachycoeliidae,Platyhelminthes,FALSE,Brachycoeliidae,not ungulate parasites,TRUE,Brachycoeliidae
Cephalogonimidae,Platyhelminthes,FALSE,Cephalogonimidae,not ungulate parasites,TRUE,Cephalogonimidae
Macroderoididae,Platyhelminthes,FALSE,Macroderoididae,not ungulate parasites,TRUE,Macroderoididae
Meristocotylidae,Platyhelminthes,FALSE,Meristocotylidae,not ungulate parasites,TRUE,Meristocotylidae
Orientocreadiidae,Platyhelminthes,FALSE,Orientocreadiidae,not ungulate parasites,TRUE,Orientocreadiidae
Plagiorchiidae,Platyhelminthes,FALSE,Plagiorchiidae,not ungulate parasites,TRUE,Plagiorchiidae
Styphlotrematidae,Platyhelminthes,FALSE,Styphlotrematidae,not ungulate parasites,TRUE,Styphlotrematidae
Telorchiidae,Platyhelminthes,FALSE,Telorchiidae,not ungulate parasites,TRUE,Telorchiidae
Labicolidae,Platyhelminthes,FALSE,Labicolidae,not ungulate parasites,TRUE,Labicolidae
Nudacotylidae,Platyhelminthes,FALSE,Nudacotylidae,not ungulate parasites,TRUE,Nudacotylidae
Opisthotrematidae,Platyhelminthes,FALSE,Opisthotrematidae,not ungulate parasites,TRUE,Opisthotrematidae
Pronocephalidae,Platyhelminthes,FALSE,Pronocephalidae,not ungulate parasites,TRUE,Pronocephalidae
Rhabdiopoeidae,Platyhelminthes,FALSE,Rhabdiopoeidae,not ungulate parasites,TRUE,Rhabdiopoeidae
Aporocotylidae,Platyhelminthes,FALSE,Aporocotylidae,not ungulate parasites,TRUE,Aporocotylidae
Clinostomidae,Platyhelminthes,FALSE,Clinostomidae,not ungulate parasites,TRUE,Clinostomidae
Spirorchiidae,Platyhelminthes,FALSE,Spirorchiidae,not ungulate parasites,TRUE,Spirorchiidae
Transversotrematidae,Platyhelminthes,FALSE,Transversotrematidae,not ungulate parasites,TRUE,Transversotrematidae
Bdellouridae,Platyhelminthes,FALSE,Bdellouridae,not ungulate parasites,FALSE,Bdellouridae
Uteriporidae,Platyhelminthes,FALSE,Uteriporidae,not ungulate parasites,FALSE,Uteriporidae
Centrovarioplanidae,Platyhelminthes,FALSE,Centrovarioplanidae,not ungulate parasites,FALSE,Centrovarioplanidae
Cercyridae,Platyhelminthes,FALSE,Cercyridae,not ungulate parasites,FALSE,Cercyridae
Meixnerididae,Platyhelminthes,FALSE,Meixnerididae,not ungulate parasites,FALSE,Meixnerididae
Dugesiidae,Platyhelminthes,FALSE,Dugesiidae,not ungulate parasites,FALSE,Dugesiidae
Geoplanidae,Platyhelminthes,FALSE,Geoplanidae,not ungulate parasites,FALSE,Geoplanidae
Dendrocoelidae,Platyhelminthes,FALSE,Dendrocoelidae,not ungulate parasites,FALSE,Dendrocoelidae
Kenkiidae,Platyhelminthes,FALSE,Kenkiidae,not ungulate parasites,FALSE,Kenkiidae
Planariidae,Platyhelminthes,FALSE,Planariidae,not ungulate parasites,FALSE,Planariidae
Procerodidae,Platyhelminthes,FALSE,Procerodidae,not ungulate parasites,FALSE,Procerodidae
Gekkonotrematidae,Platyhelminthes,FALSE,Gekkonotrematidae,not ungulate parasites,TRUE,Gekkonotrematidae
Jubilariidae,Platyhelminthes,FALSE,Jubilariidae,not ungulate parasites,TRUE,Jubilariidae
Echinoporidae,Platyhelminthes,FALSE,Echinoporidae,not ungulate parasites,TRUE,Echinoporidae
Mesotretidae,Platyhelminthes,FALSE,Mesotretidae,not ungulate parasites,FALSE,Mesotretidae
Acanthocollaritrematidae,Platyhelminthes,FALSE,Cryptogonimidae,not ungulate parasites,TRUE,Cryptogonimidae
Balanotaeniidae,Platyhelminthes,FALSE,Balanotaeniidae,not ungulate parasites,TRUE,Balanotaeniidae
Lytocestidae,Platyhelminthes,FALSE,Lytocestidae,not ungulate parasites,TRUE,Lytocestidae
Dioicocestidae,Platyhelminthes,FALSE,Dioecocestidae,not ungulate parasites,TRUE,Dioecocestidae
Dipylidiidae,Platyhelminthes,FALSE,Dipylidiidae,not ungulate parasites,TRUE,Dipylidiidae
Metadilepididae,Platyhelminthes,FALSE,Metadilepididae,not ungulate parasites,TRUE,Metadilepididae
Paruterinidae,Platyhelminthes,FALSE,Paruterinidae,not ungulate parasites,TRUE,Paruterinidae
Cephalobothiidae,Platyhelminthes,FALSE,Cephalobothriidae,not ungulate parasites,TRUE,Cephalobothriidae
Dactylocotylidae,Platyhelminthes,FALSE,Dactylocotylidae,not ungulate parasites,FALSE,Dactylocotylidae
Megalonchidae,Platyhelminthes,FALSE,Megalonchidae,not ungulate parasites,TRUE,Megalonchidae
Sphyranuridae,Platyhelminthes,FALSE,Sphyranuridae,not ungulate parasites,TRUE,Sphyranuridae
Aviellidae,Platyhelminthes,FALSE,Aviellidae,not ungulate parasites,TRUE,Aviellidae
Allomicrocotylidae,Platyhelminthes,FALSE,Allomicrocotylidae,not ungulate parasites,FALSE,Allomicrocotylidae
Aspidogasteridae,Platyhelminthes,FALSE,Aspidogastridae,not ungulate parasites,TRUE,Aspidogastridae
Diplostomatidae,Platyhelminthes,FALSE,Diplostomatidae,not ungulate parasites,TRUE,Diplostomatidae
Protrodiplostomatidae,Platyhelminthes,FALSE,Protrodiplostomatidae,not ungulate parasites,TRUE,Protrodiplostomatidae
Bolbocephalodidae,Platyhelminthes,FALSE,Bolbocephalodidae,not ungulate parasites,TRUE,Bolbocephalodidae
Clinostomatidae,Platyhelminthes,FALSE,Clinostomidae,not ungulate parasites,TRUE,Clinostomidae
Sanguinicolidae,Platyhelminthes,FALSE,Aporocotylidae,not ungulate parasites,TRUE,Aporocotylidae
Ophiodiplostomatidae,Platyhelminthes,FALSE,Ophiodiplostomatidae,not ungulate parasites,FALSE,Ophiodiplostomatidae
Neostrigeidae,Platyhelminthes,FALSE,Neostrigeidae,not ungulate parasites,FALSE,Neostrigeidae
Mesocestoididae,Platyhelminthes,FALSE,Mesocestoididae,not ungulate parasites,TRUE,Mesocestoididae
Nematotaeniidae,Platyhelminthes,FALSE,Nematotaeniidae,not ungulate parasites,TRUE,Nematotaeniidae
Catenotaeniidae,Platyhelminthes,FALSE,Catenotaeniidae,not ungulate parasites,TRUE,Catenotaeniidae
Diplopharyngeatidae,Platyhelminthes,FALSE,Diplopharyngeatidae,not ungulate parasites,FALSE,Diplopharyngeatidae
Fellodistomatidae,Platyhelminthes,FALSE,Fellodistomatidae,not ungulate parasites,FALSE,Fellodistomatidae
Harmotrematidae,Platyhelminthes,FALSE,Harmotrematidae,not ungulate parasites,TRUE,Harmotrematidae
Leucochloridiomorphidae,Platyhelminthes,FALSE,Leucochloridiomorphidae,not ungulate parasites,TRUE,Leucochloridiomorphidae
Urotrematidae,Platyhelminthes,FALSE,Urotrematidae,not ungulate parasites,TRUE,Urotrematidae
Monascidae,Platyhelminthes,FALSE,Monascidae,not ungulate parasites,FALSE,Monascidae
Liolopidae,Platyhelminthes,FALSE,Liolopidae,not ungulate parasites,TRUE,Liolopidae
Moreauiidae,Platyhelminthes,FALSE,Moreauiidae_(family_in_superfamily_Brachylaimoidea),not ungulate parasites,FALSE,Moreauiidae
Ovariopteridae,Platyhelminthes,FALSE,Ovariopteridae,not ungulate parasites,TRUE,Ovariopteridae
Thapariellidae,Platyhelminthes,FALSE,Thapariellidae,not ungulate parasites,TRUE,Thapariellidae
Monodhelminthidae,Platyhelminthes,FALSE,Tandanicolidae,not ungulate parasites,TRUE,Tandanicolidae
Ratziidae,Platyhelminthes,FALSE,Ratziidae,not ungulate parasites,FALSE,Ratziidae
Dinuridae,Platyhelminthes,FALSE,Hemiuridae,not ungulate parasites,TRUE,Hemiuridae
Lecithochiridae,Platyhelminthes,FALSE,Lecithochiriinae,not ungulate parasites,FALSE,Lecithochiriinae
Aphanhysteridae,Platyhelminthes,FALSE,Azygiidae,not ungulate parasites,TRUE,Azygiidae
Bothrigastridae,Platyhelminthes,FALSE,Bothrigastridae,not ungulate parasites,FALSE,Bothrigastridae
Lampritrematidae,Platyhelminthes,FALSE,Hirudinellidae,not ungulate parasites,TRUE,Hirudinellidae
Albulatrematidae,Platyhelminthes,FALSE,Albulatrematidae,not ungulate parasites,FALSE,Albulatrematidae
Halipegidae,Platyhelminthes,FALSE,Halipegidae,not ungulate parasites,FALSE,Halipegidae
Mabiaramidae,Platyhelminthes,FALSE,Sclerodistomidae,not ungulate parasites,TRUE,Sclerodistomidae
Prosogonotrematidae,Platyhelminthes,FALSE,Sclerodistomidae,not ungulate parasites,TRUE,Sclerodistomidae
Oesophagicolidae,Platyhelminthes,FALSE,Oesophagicolidae,not ungulate parasites,TRUE,Oesophagicolidae
Arnolidae,Platyhelminthes,FALSE,Arnolidae,not ungulate parasites,FALSE,Arnolidae
Lobatovitelliovariidae,Platyhelminthes,FALSE,Lobatovitelliovariidae,not ungulate parasites,FALSE,Lobatovitelliovariidae
Areobiotrematidae,Platyhelminthes,FALSE,Areobiotrematidae,not ungulate parasites,TRUE,Areobiotrematidae
Tetrasteridae,Platyhelminthes,FALSE,Tetrasteridae,not ungulate parasites,FALSE,Tetrasteridae
Pelorohelminthidae,Platyhelminthes,FALSE,Pelorohelminthidae,not ungulate parasites,FALSE,Pelorohelminthidae
Cylindrorchiidae,Platyhelminthes,FALSE,Cylindrorchiidae,not ungulate parasites,TRUE,Cylindrorchiidae
Psilostomatidae,Platyhelminthes,FALSE,Psilostomidae,not ungulate parasites,TRUE,Psilostomidae
Cathaemasiidae,Platyhelminthes,FALSE,Echinostomatidae,not ungulate parasites,TRUE,Echinostomatidae
Rhopaliidae,Platyhelminthes,FALSE,Echinostomatidae,not ungulate parasites,TRUE,Echinostomatidae
Megaperidae,Platyhelminthes,FALSE,Apocreadiidae,not ungulate parasites,TRUE,Apocreadiidae
Orchipedidae,Platyhelminthes,FALSE,Orchipedidae,not ungulate parasites,TRUE,Orchipedidae
Botulidae,Platyhelminthes,FALSE,Hirudinellidae,not ungulate parasites,TRUE,Hirudinellidae
Saakotrematidae,Platyhelminthes,FALSE,Echinochasmidae,not ungulate parasites,TRUE,Echinochasmidae
Balfouriidae,Platyhelminthes,FALSE,Echinostomatidae,not ungulate parasites,TRUE,Echinostomatidae
Ommatobrephidae,Platyhelminthes,FALSE,Ommatobrephidae,not ungulate parasites,FALSE,Ommatobrephidae
Achillurbaniidae,Platyhelminthes,FALSE,Achillurbaniidae,not ungulate parasites,FALSE,Achillurbaniidae
Campululidae,Platyhelminthes,FALSE,Campululidae,not ungulate parasites,TRUE,Campululidae
Rowpaliidae,Platyhelminthes,FALSE,Rowpaliidae,not ungulate parasites,FALSE,Rowpaliidae
Diplodiscidae,Platyhelminthes,FALSE,Diplodiscidae,not ungulate parasites,TRUE,Diplodiscidae
Rhabdopoeidae,Platyhelminthes,FALSE,Rhabdopoeidae,not ungulate parasites,FALSE,Rhabdopoeidae
Paramphistomatidae,Platyhelminthes,FALSE,Paramphistomatidae,not ungulate parasites,TRUE,Paramphistomatidae
Heronimidae,Platyhelminthes,FALSE,Heronimidae,not ungulate parasites,TRUE,Heronimidae
Brumptidae,Platyhelminthes,FALSE,Brumptidae,not ungulate parasites,TRUE,Brumptidae
Haematoloechidae,Platyhelminthes,FALSE,Haematoloechidae,not ungulate parasites,TRUE,Haematoloechidae
Mesocoeliidae,Platyhelminthes,FALSE,Mesocoeliidae,not ungulate parasites,FALSE,Mesocoeliidae
Auridistomidae,Platyhelminthes,FALSE,Auridistomidae,not ungulate parasites,TRUE,Auridistomidae
Cephaloporidae,Platyhelminthes,FALSE,Zoogonidae,not ungulate parasites,TRUE,Zoogonidae
Ochetosomatidae,Platyhelminthes,FALSE,Reniferidae,not ungulate parasites,TRUE,Reniferidae
Lecithodendriidae,Platyhelminthes,FALSE,Lecithodendriidae,not ungulate parasites,TRUE,Lecithodendriidae
Allassogonoporidae,Platyhelminthes,FALSE,Allassogonoporidae,not ungulate parasites,FALSE,Allassogonoporidae
Stomylotrematidae,Platyhelminthes,FALSE,Stomylotrematidae,not ungulate parasites,TRUE,Stomylotrematidae
Laterotrematidae,Platyhelminthes,FALSE,Laterotrematidae,not ungulate parasites,TRUE,Laterotrematidae
Omphalometridae,Platyhelminthes,FALSE,Omphalometridae,not ungulate parasites,TRUE,Omphalometridae
Encyclometridae,Platyhelminthes,FALSE,Encyclometridae,not ungulate parasites,TRUE,Encyclometridae
Opisthogonimidae,Platyhelminthes,FALSE,Opisthogonimidae,not ungulate parasites,TRUE,Opisthogonimidae
Dolichoperidae,Platyhelminthes,FALSE,Dolichoperidae,not ungulate parasites,FALSE,Dolichoperidae
Macroderidae,Platyhelminthes,FALSE,Macroderidae,not ungulate parasites,FALSE,Macroderidae
Eumegacetidae,Platyhelminthes,FALSE,Eumegacetidae,not ungulate parasites,FALSE,Eumegacetidae
Pleurogenidae,Platyhelminthes,FALSE,Pleurogenidae,not ungulate parasites,TRUE,Pleurogenidae
Anenterotrematidae,Platyhelminthes,FALSE,Anenterotrematidae,not ungulate parasites,TRUE,Anenterotrematidae
Cortrematidae,Platyhelminthes,FALSE,Cortrematidae,not ungulate parasites,TRUE,Cortrematidae
Anchitrematidae,Platyhelminthes,FALSE,Anchitrematidae,not ungulate parasites,FALSE,Anchitrematidae
Octotestidae,Platyhelminthes,FALSE,Octotestidae,not ungulate parasites,FALSE,Octotestidae
Steganodermatidae,Platyhelminthes,FALSE,Zoogonidae,not ungulate parasites,TRUE,Zoogonidae
Troglotrematidae,Platyhelminthes,FALSE,Troglotrematidae,not ungulate parasites,TRUE,Troglotrematidae
Nanophyetidae,Platyhelminthes,FALSE,Nanophyetidae,not ungulate parasites,TRUE,Nanophyetidae
Collyriclidae,Platyhelminthes,FALSE,Collyriclidae,not ungulate parasites,TRUE,Collyriclidae
Homalometridae,Platyhelminthes,FALSE,Apocreadiidae,not ungulate parasites,TRUE,Apocreadiidae
Deropristiidae,Platyhelminthes,FALSE,Deropristidae,not ungulate parasites,TRUE,Deropristidae
Pleorchiidae,Platyhelminthes,FALSE,Acanthocolpidae,not ungulate parasites,TRUE,Acanthocolpidae
Batrachotrematidae,Platyhelminthes,FALSE,Batrachotrematidae,not ungulate parasites,TRUE,Batrachotrematidae
Maseniidae,Platyhelminthes,FALSE,Cephalogonimidae,not ungulate parasites,TRUE,Cephalogonimidae
Opistholebetidae,Platyhelminthes,FALSE,Opistholebetidae,not ungulate parasites,TRUE,Opistholebetidae
Callodistomatidae,Platyhelminthes,FALSE,Callodistomatidae,not ungulate parasites,FALSE,Callodistomatidae
Encotylidae,Platyhelminthes,FALSE,Encotylidae,not ungulate parasites,FALSE,Encotylidae
Haplometridae,Platyhelminthes,FALSE,Haplometridae,not ungulate parasites,FALSE,Haplometridae
Eurotrematidae,Platyhelminthes,FALSE,Eurotrematidae,not ungulate parasites,FALSE,Eurotrematidae
Nasitrematidae,Platyhelminthes,FALSE,Brachycladiidae,not ungulate parasites,TRUE,Brachycladiidae
Acanthostomatidae,Platyhelminthes,FALSE,Acanthostomatidae,not ungulate parasites,FALSE,Acanthostomatidae
Pachytrematidae,Platyhelminthes,FALSE,Pachytrematidae,not ungulate parasites,TRUE,Pachytrematidae
Campulidae,Platyhelminthes,FALSE,Brachycladiidae,not ungulate parasites,TRUE,Brachycladiidae
Ulianiniidae,Platyhelminthes,FALSE,Ulianiniidae,not ungulate parasites,FALSE,Ulianiniidae
Grillotiidae,Platyhelminthes,FALSE,Lacistorhynchidae,not ungulate parasites,TRUE,Lacistorhynchidae
Cylindrostomidae,Platyhelminthes,FALSE,Cylindrostomidae,not ungulate parasites,FALSE,Cylindrostomidae
Dasyrhynchidae,Platyhelminthes,FALSE,Dasyrhynchidae,not ungulate parasites,TRUE,Dasyrhynchidae
Hornelliellidae,Platyhelminthes,FALSE,Hornelliellidae,not ungulate parasites,TRUE,Hornelliellidae
Syngamidae2,Nematoda,TRUE,Syngamidae2,larvae on herbage,TRUE,Syngamidae2
Strongyloididae2,Nematoda,TRUE,Strongyloididae2,trans-placental/mammary,TRUE,Strongyloididae2
Ascarididae2,Nematoda,TRUE,Ascarididae2,trans-placental/mammary,TRUE,Ascarididae2
Toxocaridae2,Nematoda,TRUE,Toxocaridae2,trans-placental/mammary,TRUE,Toxocaridae2
